{
  "sector": "example",
  "pulse_year": 2020,
  "timestamp": "2025-09-30T23:30:30.286505",
  "discounting": {
    "type": "ramsey",
    "eta": 1.45,
    "rho": 0.001
  },
  "scc_values": {
    "mean": 7292.48363432401,
    "median": 8656.694917720171,
    "quantiles": {
      "0.05": 6232.36903043222,
      "0.5": 7356.22789950541,
      "0.95": 8292.087009483606
    }
  }
}