probability,region,scc
0.05,USA,7388.812291761662
0.05,EUR,8504.566729662132
0.05,CHN,2803.7280698728664
0.5,USA,8732.511296587309
0.5,EUR,10067.968169379263
0.5,CHN,3268.2042325496604
0.95,USA,9850.927283739584
0.95,EUR,11372.079945921552
0.95,CHN,3653.253798789685
