probability,scc
0.05,8033.788804169143
0.5,9504.341475542387
0.95,10729.899584455983
