{
  "sector": "example",
  "pulse_year": 2020,
  "timestamp": "2025-09-30T23:30:30.259737",
  "discounting": {
    "type": "constant",
    "rate": 0.02
  },
  "scc_values": {
    "mean": 9422.17242247993,
    "median": 9422.17242247993,
    "quantiles": {
      "0.05": 8033.788804169143,
      "0.5": 9504.341475542387,
      "0.95": 10729.899584455983
    }
  }
}